{
  "1": {
    "before": {
      "0": [
        0.30769230769230765,
        0.3243243243243243,
        0.23728813559322032
      ],
      "1": [
        0.4166666666666667,
        0.3636363636363636,
        0.6666666666666666
      ],
      "2": [
        0.31578947368421056,
        0.2727272727272727,
        0.3018867924528302
      ],
      "3": [
        0.30769230769230765,
        0.3157894736842105,
        0.5
      ],
      "4": [
        0.47368421052631576,
        0.26865671641791045,
        0.40506329113924044
      ],
      "5": [
        0.5111111111111111,
        0.5858585858585859,
        0.48351648351648346
      ],
      "6": [
        0.32558139534883723,
        0.4137931034482759,
        0.38596491228070173
      ],
      "7": [
        0.5161290322580646,
        0.22222222222222224,
        0.23076923076923078
      ],
      "8": [
        0.21621621621621623,
        0.35555555555555557,
        0.4262295081967213
      ],
      "9": [
        0.5,
        0.43478260869565216,
        0.31818181818181823
      ]
    },
    "after": {
      "0": [
        0.4375,
        0.29411764705882354,
        0.17647058823529413
      ],
      "1": [
        0.4,
        0.3636363636363636,
        0.43478260869565216
      ],
      "2": [
        0.3076923076923077,
        0.16666666666666663,
        0.2162162162162162
      ],
      "3": [
        0.5384615384615385,
        0.4444444444444444,
        0.28571428571428564
      ],
      "4": [
        0.3783783783783784,
        0.4307692307692308,
        0.5074626865671642
      ],
      "5": [
        0.6808510638297872,
        0.5319148936170213,
        0.5510204081632653
      ],
      "6": [
        0.4126984126984127,
        0.4666666666666667,
        0.34146341463414637
      ],
      "7": [
        0.20000000000000004,
        0.23809523809523808,
        0.41379310344827586
      ],
      "8": [
        0.3137254901960784,
        0.41860465116279066,
        0.4
      ],
      "9": [
        0.3636363636363636,
        0.5306122448979592,
        0.375
      ]
    }
  },
  "2": {
    "before": {
      "0": [
        0.30303030303030304,
        0.27906976744186046,
        0.3448275862068966
      ],
      "1": [
        0.37499999999999994,
        0.45454545454545453,
        0.9090909090909091
      ],
      "2": [
        0.22222222222222224,
        0.2608695652173913,
        0.25641025641025644
      ],
      "3": [
        0.4615384615384615,
        0.4444444444444444,
        0.29411764705882354
      ],
      "4": [
        0.49315068493150693,
        0.44444444444444453,
        0.4383561643835616
      ],
      "5": [
        0.5686274509803921,
        0.6115702479338843,
        0.4782608695652174
      ],
      "6": [
        0.39344262295081966,
        0.3043478260869565,
        0.4615384615384615
      ],
      "7": [
        0.29629629629629634,
        0.38461538461538464,
        0.32
      ],
      "8": [
        0.43636363636363634,
        0.5454545454545454,
        0.425531914893617
      ],
      "9": [
        0.5833333333333334,
        0.41176470588235287,
        0.42105263157894735
      ]
    },
    "after": {
      "0": [
        0.4375,
        0.29411764705882354,
        0.17647058823529413
      ],
      "1": [
        0.4,
        0.3636363636363636,
        0.43478260869565216
      ],
      "2": [
        0.3076923076923077,
        0.16666666666666663,
        0.2162162162162162
      ],
      "3": [
        0.5384615384615385,
        0.4444444444444444,
        0.28571428571428564
      ],
      "4": [
        0.3783783783783784,
        0.4307692307692308,
        0.5074626865671642
      ],
      "5": [
        0.6808510638297872,
        0.5319148936170213,
        0.5510204081632653
      ],
      "6": [
        0.4126984126984127,
        0.4666666666666667,
        0.34146341463414637
      ],
      "7": [
        0.20000000000000004,
        0.23809523809523808,
        0.41379310344827586
      ],
      "8": [
        0.3137254901960784,
        0.41860465116279066,
        0.4
      ],
      "9": [
        0.3636363636363636,
        0.5306122448979592,
        0.375
      ]
    }
  },
  "3": {
    "before": {
      "0": [
        0.30303030303030304,
        0.27906976744186046,
        0.3448275862068966
      ],
      "1": [
        0.37499999999999994,
        0.45454545454545453,
        0.9090909090909091
      ],
      "2": [
        0.22222222222222224,
        0.2608695652173913,
        0.25641025641025644
      ],
      "3": [
        0.4615384615384615,
        0.4444444444444444,
        0.29411764705882354
      ],
      "4": [
        0.49315068493150693,
        0.44444444444444453,
        0.4383561643835616
      ],
      "5": [
        0.5686274509803921,
        0.6115702479338843,
        0.4782608695652174
      ],
      "6": [
        0.39344262295081966,
        0.3043478260869565,
        0.4615384615384615
      ],
      "7": [
        0.29629629629629634,
        0.38461538461538464,
        0.32
      ],
      "8": [
        0.43636363636363634,
        0.5454545454545454,
        0.425531914893617
      ],
      "9": [
        0.5833333333333334,
        0.41176470588235287,
        0.42105263157894735
      ]
    },
    "after": {
      "0": [
        0.2380952380952381,
        0.5454545454545455,
        0.2857142857142857
      ],
      "1": [
        0.45454545454545453,
        0.5714285714285715,
        0.12903225806451615
      ],
      "2": [
        0.25,
        0.29629629629629634,
        0.32
      ],
      "3": [
        0.5,
        0.3333333333333333,
        0.6086956521739131
      ],
      "4": [
        0.525,
        0.3943661971830986,
        0.4761904761904762
      ],
      "5": [
        0.6213592233009708,
        0.49462365591397844,
        0.505050505050505
      ],
      "6": [
        0.36000000000000004,
        0.4210526315789474,
        0.28571428571428564
      ],
      "7": [
        0.23076923076923078,
        0.27272727272727276,
        0.24390243902439027
      ],
      "8": [
        0.2631578947368421,
        0.43478260869565216,
        0.3888888888888889
      ],
      "9": [
        0.5217391304347826,
        0.36000000000000004,
        0.30769230769230765
      ]
    }
  },
  "4": {
    "before": {
      "0": [
        0.24000000000000005,
        0.19354838709677422,
        0.5625
      ],
      "1": [
        0.45454545454545453,
        0.9090909090909091,
        0.4666666666666666
      ],
      "2": [
        0.2553191489361702,
        0.3111111111111111,
        0.2916666666666667
      ],
      "3": [
        0.5384615384615385,
        0.41666666666666663,
        0.6086956521739131
      ],
      "4": [
        0.3943661971830986,
        0.4137931034482759,
        0.4444444444444444
      ],
      "5": [
        0.3614457831325302,
        0.38554216867469876,
        0.5523809523809524
      ],
      "6": [
        0.38596491228070173,
        0.27272727272727276,
        0.3125
      ],
      "7": [
        0.1904761904761905,
        0.16666666666666669,
        0.33333333333333337
      ],
      "8": [
        0.3243243243243243,
        0.32142857142857145,
        0.42857142857142855
      ],
      "9": [
        0.22857142857142854,
        0.22857142857142854,
        0.27586206896551724
      ]
    },
    "after": {
      "0": [
        0.35555555555555557,
        0.358974358974359,
        0.3829787234042554
      ],
      "1": [
        0.3846153846153846,
        0.5714285714285715,
        0.2608695652173913
      ],
      "2": [
        0.27450980392156865,
        0.2222222222222222,
        0.1
      ],
      "3": [
        0.2857142857142857,
        0.5833333333333334,
        0.5833333333333334
      ],
      "4": [
        0.34285714285714286,
        0.379746835443038,
        0.5
      ],