{
  "1": {
    "before": {
      "0": [
        0.5176470588235293,
        0.4054054054054054
      ],
      "1": [
        0.3333333333333333,
        0.2
      ],
      "2": [
        0.4242424242424242,
        0.5263157894736842
      ],
      "3": [
        0.48979591836734687,
        0.4888888888888889
      ],
      "4": [
        0.3125,
        0.11764705882352941
      ],
      "5": [
        0.6461538461538462,
        0.59375
      ],
      "6": [
        0.2173913043478261,
        0.2033898305084746
      ],
      "7": [
        0.45714285714285713,
        0.30769230769230765
      ],
      "8": [
        0.56,
        0.56
      ],
      "9": [
        0.37499999999999994,
        0.31818181818181823
      ]
    },
    "after": {
      "0": [
        0.4269662921348315,
        0.4489795918367347
      ],
      "1": [
        0.33333333333333337,
        0.26666666666666666
      ],
      "2": [
        0.56,
        0.4242424242424242
      ],
      "3": [
        0.44000000000000006,
        0.4888888888888889
      ],
      "4": [
        0.41379310344827586,
        0.3333333333333333
      ],
      "5": [
        0.5714285714285715,
        0.43902439024390244
      ],
      "6": [
        0.2439024390243902,
        0.4102564102564103
      ],
      "7": [
        0.4375,
        0.5161290322580646
      ],
      "8": [
        0.5,
        0.56
      ],
      "9": [
        0.4242424242424242,
        0.5333333333333333
      ]
    }
  },
  "2": {
    "before": {
      "0": [
        0.6272727272727273,
        0.6
      ],
      "1": [
        0.42857142857142855,
        0.4666666666666667
      ],
      "2": [
        0.3043478260869565,
        0.26666666666666666
      ],
      "3": [
        0.4545454545454546,
        0.5
      ],
      "4": [
        0.45,
        0.3673469387755102
      ],
      "5": [
        0.49275362318840576,
        0.5333333333333333
      ],
      "6": [
        0.5925925925925927,
        0.6666666666666667
      ],
      "7": [
        0.37142857142857144,
        0.3
      ],
      "8": [
        0.2999999999999999,
        0.29268292682926833
      ],
      "9": [
        0.36842105263157887,
        0.24242424242424246
      ]
    },
    "after": {
      "0": [
        0.6857142857142857,
        0.6
      ],
      "1": [
        0.4583333333333333,
        0.456140350877193
      ],
      "2": [
        0.51052631578947367,
        0.4347826086956522
      ],
      "3": [
        0.41666666666666663,
        0.42105263157894735
      ],
      "4": [
        0.43636363636363634,
        0.41025641025641024
      ],
      "5": [
        0.4508771929824562,
        0.4166666666666667
      ],
      "6": [
        0.5517241379310345,
        0.4545454545454546
      ],
      "7": [
        0.4283582089552239,
        0.4333333333333333
      ],
      "8": [
        0.5384615384615385,
        0.5
      ],
      "9": [
        0.4444444444444445,
        0.3636363636363637
      ]
    }
  },
  "3": {
    "before": {
      "0": [
        0.5333333333333333,
        0.4761904761904762
      ],
      "1": [
        0.5454545454545454,
        0.48484848484848486
      ],
      "2": [
        0.6363636363636364,
        0.4347826086956522
      ],
      "3": [
        0.11764705882352941,
        0.125
      ],
      "4": [
        0.4477611940298507,
        0.4444444444444445
      ],
      "5": [
        0.6,
        0.6
      ],
      "6": [
        0.3,
        0.25
      ],
      "7": [
        0.29629629629629634,
        0.47826086956521735
      ],
      "8": [
        0.41666666666666663,
        0.2941176470588235
      ],
      "9": [
        0.6666666666666666,
        0.631578947368421
      ]
    },
    "after": {
      "0": [
        0.5263157894736842,
        1.0
      ],
      "1": [
        0.5454545454545454,
        0.18181818181818182
      ],
      "2": [
        0.3703703703703704,
        0.4827586206896552
      ],
      "3": [
        0.12121212121212122,
        0.12499999999999999
      ],
      "4": [
        0.5396825396825397,
        0.5
      ],
      "5": [
        0.8461538461538461,
        0.8333333333333334
      ],
      "6": [
        0.3177570093457944,
        0.2985074626865672
      ],
      "7": [
        0.5142857142857142,
        0.47826086956521735
      ],
      "8": [
        0.25,
        0.3783783783783784
      ],
      "9": [
        0.7368421052631579,
        0.4
      ]
    }
  },
  "4": {
    "before": {
      "0": [
        0.4307692307692308,
        0.4
      ],
      "1": [
        0.6,
        0.35555555555555557
      ],
      "2": [
        0.6122448979591836,
        0.6363636363636364
      ],
      "3": [
        0.5116279069767441,
        0.4814814814814815
      ],
      "4": [
        0.5,
        0.35714285714285715
      ],
      "5": [
        0.46153846153846156,
        0.5
      ],
      "6": [
        0.13333333333333333,
        0.24999999999999997
      ],
      "7": [
        0.33333333333333326,
        0.3684210526315789
      ],
      "8": [
        0.23076923076923078,
        0.23076923076923078
      ],
      "9": [
        0.45454545454545453,
        0.5384615384615384
      ]
    },
    "after": {
      "0": [
        0.4067796610169491,
        0.3934426229508196
      ],
      "1": [
        0.3157894736842105,
        0.3773584905660377
      ],
      "2": [
        0.3888888888888889,
        0.5625
      ],
      "3": [
        0.5555555555555555,
        0.4814814814814815
      ],
      "4": [
        0.41379310344827586,
        0.3888888888888889
      ],
      "5": [
        0.46153846153846156,
        0.39999999999999997
      ],
      "6": [
        0.19047619047619047,
        0.17391304347826086
      ],
      "7": [
        0.3,
        0.37209302325581395
      ],
      "8": [
        0.3181818181818182,
        0.42857142857142855
      ],
      "9": [
        0.42857142857142855,
        0.47619047619047616
      ]
    }
  },
  "5": {
    "before": {
      "0": [
        0.509090909090909,
        0.5671641791044776
      ],
      "1": [
        0.5490196078431373,
        0.6190476190476191
      ],
      "2": [
        0.4444444444444444,
        0.5161290322580646
      ],
      "3": [
        0.5084745762711865,
        0.6037735849056604
      ],
      "4": [
        0.5217391304347826,
        0.5333333333333333
      ],
      "5": [
        0.5789473684210527,
        0.625
      ],
      "6": [
        0.4761904761904762,
        0.26086956521739124
      ],
      "7": [
        0.47619047619047616,
        0.45454545454545453
      ],
      "8": [
        0.3157894736842105,
        0.2608695652173913
      ],
      "9": [
        0.36363636363636365,
        0.5217391304347826
      ]
    },
    "after": {
      "0": [
        0.5555555555555555,
        0.6122448979591837
      ],
      "1": [
        0.6285714285714286,
        0.35714285714285715
      ],
      "2": [
        0.5161290322580646,
        0.3157894736842105
      ],
      "3": [
        0.6440677966101694,
        0.2857142857142857
      ],
      "4": [
        0.6206896551724138,
        0.4827586206896552
      ],
      "5": [
        0.6060606060606061,
        0.6486486486486486
      ],
      "6": [
        0.47368421052631576,
        0.37837837837837834
      ],
      "7": [
        0.41666666666666663,
        0.380952380952381
      ],
      "8": [
        0.23529411764705882,
        0.1111111111111111
      ],
      "9": [
        0.43478260869565216,
        0.39999999999999997
      ]
    }
  },
  "6": {
    "before": {
      "0": [
        0.45161290322580644,
        0.5499999999999999
      ],
      "1": [
        0.305,
        0.31250000000000006
      ],
      "2": [
        0.3714285714285714,
        0.39215686274509803
      ],
      "3": [
        0.2162162162162162,
        0.25641025641025644
      ],
      "4": [
        0.11764705882352941,
        0.22222222222222224
      ],